SNP,CHR,BP,P,-log10P
rs62057073,17,43861117,0.0,300.0
rs74457229,17,43972581,0.0,300.0
rs11575896,17,43972142,0.0,300.0
rs76324150,17,43973233,0.0,300.0
rs74548327,17,43973080,0.0,300.0
rs62062266,17,44090704,0.0,300.0
rs80346216,17,43974476,0.0,300.0
rs113347741,17,43973408,0.0,300.0
rs78720789,17,43973413,0.0,300.0
rs62056780,17,43973652,0.0,300.0
rs62056781,17,43973899,0.0,300.0
rs74496580,17,43974065,0.0,300.0
rs62056782,17,43974230,0.0,300.0
rs62062267,17,44090854,0.0,300.0
rs17573858,17,44090796,0.0,300.0
rs12150170,17,44090646,0.0,300.0
rs12150515,17,44090685,0.0,300.0
rs62062268,17,44090858,0.0,300.0
rs3813020,16,30934075,2.0439738790400952e-10,9.689524658567283
rs4792891,17,43973498,2.7903546140350954e-10,9.554340600621671
rs35675346,16,30936081,2.40179365285087e-09,8.619464307206933
