SNP,CHR,BP,P,-log10P
rs80233201,17,43971481,0.0,300.0
rs74457229,17,43972581,0.0,300.0
rs11575896,17,43972142,0.0,300.0
rs113347741,17,43973408,0.0,300.0
rs78720789,17,43973413,0.0,300.0
rs74548327,17,43973080,0.0,300.0
rs76324150,17,43973233,0.0,300.0
rs62056780,17,43973652,0.0,300.0
rs10847839,12,123322560,1.2749801214795298e-12,11.894496586366536
rs4792891,17,43973498,2.7903546140350954e-10,9.554340600621671
rs4889599,16,30968589,7.320573036651012e-10,9.135454922095315
